{"cameraMode":{"drawMode":0,"name":"Shaded","section":"Shading Mode"},"sceneLighting":false,"audioPlay":false,"sceneViewState":{"m_AlwaysRefresh":true,"showFog":true,"showSkybox":true,"showFlares":true,"showImageEffects":true,"showParticleSystems":true,"showVisualEffectGraphs":true,"m_FxEnabled":true},"in2DMode":false,"pivot":{"x":-0.01837630569934845,"y":-0.11330217123031616,"z":0.1647486686706543},"rotation":{"x":-0.15560995042324067,"y":-0.7644500136375427,"z":0.2007506787776947,"w":-0.5925505757331848},"size":1.567990779876709,"orthographic":false}