{"cameraMode":{"drawMode":0,"name":"Shaded","section":"Shading Mode"},"sceneLighting":false,"audioPlay":false,"sceneViewState":{"m_AlwaysRefresh":true,"showFog":true,"showSkybox":true,"showFlares":true,"showImageEffects":true,"showParticleSystems":true,"showVisualEffectGraphs":true,"m_FxEnabled":true},"in2DMode":false,"pivot":{"x":-0.0014121085405349732,"y":-0.22533899545669557,"z":-0.19020891189575196},"rotation":{"x":-0.040775854140520099,"y":0.03356310352683067,"z":-0.0013712979853153229,"w":-0.9986088275909424},"size":1.2612149715423585,"orthographic":false}